{"cameraMode":{"drawMode":0,"name":"Shaded","section":"Shading Mode"},"sceneLighting":true,"audioPlay":false,"sceneViewState":{"showFog":false,"showMaterialUpdate":false,"showSkybox":false,"showFlares":false,"showImageEffects":false,"showParticleSystems":false},"in2DMode":false,"pivot":{"x":-12.60460090637207,"y":-25.148927688598634,"z":-54.5103645324707},"rotation":{"x":-0.14204274117946626,"y":0.7943766713142395,"z":-0.20352238416671754,"w":-0.554410994052887},"size":81.61109161376953,"orthographic":false}