{"cameraMode":{"drawMode":0,"name":"Shaded","section":"Shading Mode"},"sceneLighting":true,"audioPlay":false,"sceneViewState":{"showFog":false,"showMaterialUpdate":false,"showSkybox":false,"showFlares":false,"showImageEffects":false,"showParticleSystems":false},"in2DMode":false,"pivot":{"x":104.55661010742188,"y":38.93581771850586,"z":-37.033504486083987},"rotation":{"x":-0.18229153752326966,"y":0.5902520418167114,"z":-0.13902130722999574,"w":-0.7739846110343933},"size":3.401383876800537,"orthographic":false}