{"cameraMode":{"drawMode":0,"name":"Shaded","section":"Shading Mode"},"sceneLighting":true,"audioPlay":false,"sceneViewState":{"showFog":false,"showMaterialUpdate":false,"showSkybox":false,"showFlares":false,"showImageEffects":false,"showParticleSystems":false},"in2DMode":false,"pivot":{"x":-94.94937133789063,"y":-65.65483093261719,"z":25.2360782623291},"rotation":{"x":0.12956662476062776,"y":-0.6546494960784912,"z":0.11528269946575165,"w":0.735774040222168},"size":119.7643814086914,"orthographic":false}